Workbook

Sheet Dashboard
A1: Job Application Dashboard
A2: All values update automatically from the Applications sheet.
A4: Status | B4: Count | D4: Key metric | E4: Value | G4: Source | H4: Found | I4: Applied
A5: To review | B5: =COUNTIF(Applications!$C$2:$C$1000,A5) | D5: Applications sent | E5: =B6+B7+B8+B9+B11 | G5: Arbeitnow | H5: =COUNTIF(Applications!$G$2:$G$1000,G5) | I5: =COUNTIFS(Applications!$G$2:$G$1000,G5,Applications!$C$2:$C$1000,"<>To review",Applications!$C$2:$C$1000,"<>Skipped")
A6: Applied | B6: =COUNTIF(Applications!$C$2:$C$1000,A6) | D6: Response rate | E6: =IFERROR((B7+B8+B9)/E5,0) | G6: Arbeitsagentur | H6: =COUNTIF(Applications!$G$2:$G$1000,G6) | I6: =COUNTIFS(Applications!$G$2:$G$1000,G6,Applications!$C$2:$C$1000,"<>To review",Applications!$C$2:$C$1000,"<>Skipped")
A7: Interview | B7: =COUNTIF(Applications!$C$2:$C$1000,A7) | D7: Interview rate | E7: =IFERROR((B7+B8)/E5,0) | G7: StepStone | H7: =COUNTIF(Applications!$G$2:$G$1000,G7) | I7: =COUNTIFS(Applications!$G$2:$G$1000,G7,Applications!$C$2:$C$1000,"<>To review",Applications!$C$2:$C$1000,"<>Skipped")
A8: Offer | B8: =COUNTIF(Applications!$C$2:$C$1000,A8) | D8: Sent in last 7 days | E8: =COUNTIFS(Applications!$Q$2:$Q$1000,">="&(TODAY()-7)) | G8: XING | H8: =COUNTIF(Applications!$G$2:$G$1000,G8) | I8: =COUNTIFS(Applications!$G$2:$G$1000,G8,Applications!$C$2:$C$1000,"<>To review",Applications!$C$2:$C$1000,"<>Skipped")
A9: Rejected | B9: =COUNTIF(Applications!$C$2:$C$1000,A9) | D9: Follow-ups due (14+ days, no reply) | E9: =SUMPRODUCT((Applications!$C$2:$C$1000="Applied")*(Applications!$Q$2:$Q$1000<>"")*((TODAY()-Applications!$Q$2:$Q$1000)>=14)*(Applications!$S$2:$S$1000="")) | G9: LinkedIn | H9: =COUNTIF(Applications!$G$2:$G$1000,G9) | I9: =COUNTIFS(Applications!$G$2:$G$1000,G9,Applications!$C$2:$C$1000,"<>To review",Applications!$C$2:$C$1000,"<>Skipped")
A10: Skipped | B10: =COUNTIF(Applications!$C$2:$C$1000,A10) | D10: Waiting for my review | E10: =B5 | G10: Indeed | H10: =COUNTIF(Applications!$G$2:$G$1000,G10) | I10: =COUNTIFS(Applications!$G$2:$G$1000,G10,Applications!$C$2:$C$1000,"<>To review",Applications!$C$2:$C$1000,"<>Skipped")
A11: Ghosted | B11: =COUNTIF(Applications!$C$2:$C$1000,A11) | D11: Average fit score | E11: =IFERROR(AVERAGE(Applications!$H$2:$H$1000),0) | G11: SAP Careers | H11: =COUNTIF(Applications!$G$2:$G$1000,G11) | I11: =COUNTIFS(Applications!$G$2:$G$1000,G11,Applications!$C$2:$C$1000,"<>To review",Applications!$C$2:$C$1000,"<>Skipped")
A12: Withdrawn | B12: =COUNTIF(Applications!$C$2:$C$1000,A12) | D12: Email applications | E12: =COUNTIF(Applications!$P$2:$P$1000,"Email") | G12: EnglishJobs.de | H12: =COUNTIF(Applications!$G$2:$G$1000,G12) | I12: =COUNTIFS(Applications!$G$2:$G$1000,G12,Applications!$C$2:$C$1000,"<>To review",Applications!$C$2:$C$1000,"<>Skipped")
A13: Total tracked | B13: =SUM(B5:B12) | G13: GermanTechJobs.de | H13: =COUNTIF(Applications!$G$2:$G$1000,G13) | I13: =COUNTIFS(Applications!$G$2:$G$1000,G13,Applications!$C$2:$C$1000,"<>To review",Applications!$C$2:$C$1000,"<>Skipped")
G14: Company site | H14: =COUNTIF(Applications!$G$2:$G$1000,G14) | I14: =COUNTIFS(Applications!$G$2:$G$1000,G14,Applications!$C$2:$C$1000,"<>To review",Applications!$C$2:$C$1000,"<>Skipped")
G15: jobs.ch | H15: =COUNTIF(Applications!$G$2:$G$1000,G15) | I15: =COUNTIFS(Applications!$G$2:$G$1000,G15,Applications!$C$2:$C$1000,"<>To review",Applications!$C$2:$C$1000,"<>Skipped")
G16: Manual | H16: =COUNTIF(Applications!$G$2:$G$1000,G16) | I16: =COUNTIFS(Applications!$G$2:$G$1000,G16,Applications!$C$2:$C$1000,"<>To review",Applications!$C$2:$C$1000,"<>Skipped")

Sheet Applications
A1: Job ID | B1: Date | C1: Status | D1: Title | E1: Company | F1: Location | G1: Source | H1: Fit Score | I1: German Required | J1: Match Reasons | K1: Gaps | L1: Job URL | M1: Application Email | N1: CV Doc | O1: Cover Letter Doc | P1: Applied Via | Q1: Applied On | R1: Contact Person | S1: Response Date | T1: Interview Date | U1: Next Step | V1: Notes
